"媒体","ファイル","バイト","幅px","高さpx","SHA-256"
"Instagram","instagram-yoshimoto/source-original/54f809d5-cf88-40f4-88b3-4147a1ec8fe7.png","1893419","1536","1024","2691ac0a8630d7bc393f4b91ce94b3b19b8bdb377f2b7e83c2db799fd294f964"
"Instagram","instagram-yoshimoto/source-original/6641105e-3faa-4150-9a5f-6c64d87ba6dd.png","2050841","1672","941","0df825fd39230cc5e79a5e5d56e71ee5359b220164ac9ab7d08343849bcc753e"
"Instagram","instagram-yoshimoto/source-original/6c890565-c8b5-4e58-948d-db5502dabbed.png","2041837","1672","941","a116bfeb2b22e0fa83f2a88040b74b799cf7f45be2c871cc2474c862603155cf"
"Instagram","instagram-yoshimoto/source-original/7d3a84d1-785a-4cbe-95c8-eec7c4f543d5.png","1948625","1672","941","ad60c4f22d6aec1f8045c2083e1208a0d3a880a96f6cc6e4a328314ecf80e101"
"Instagram","instagram-yoshimoto/source-original/84dbdc97-a0b4-4788-9d9c-6d402e369798.png","1958005","1536","1024","0510338f2d46b6582c1f756ee0872ffa86e67f9694a6bdb24ca598feda7a6099"
"Instagram","instagram-yoshimoto/source-original/8a963208-e6c2-4363-8049-9099e2528212.png","1763167","2161","728","809e90ac06c4e6e37d159feb6f7566f0ff2c7620ae2ac7b7322334d3c141783b"
"Instagram","instagram-yoshimoto/source-original/9994c0c9-dd85-4813-9d25-adadd2687812.png","1877520","1672","941","5bcca06993c05e77b8fda8cc8649a79c16d0ab8e7d0f7e2570467e382a0350cb"
"Instagram","instagram-yoshimoto/source-original/a61066b1-911e-4aa9-9dae-effb289e7601.png","1656398","1536","1024","337a484311867f70053a8d032fb6b59cb55ebeff3796f0ad0fed6c2b1ec2b9b7"
"Instagram","instagram-yoshimoto/source-original/b8df8636-aa27-4f4a-a7a1-7ce2e3631b87.png","1994744","1672","941","9ed9cf2cb41ea26bbfa8b2be47835313070df25e0e7b418e995a1036856a2ecd"
"Instagram","instagram-yoshimoto/source-original/e012febb-3b0a-4b8a-8ebb-91255149c38f.png","1885671","1672","941","e8cd45ad430d8b5633f8318c557d55791c27c8fcdf64ebe0f8ee18cbce605123"
"Instagram","instagram-yoshimoto/source-original/edab37b2-5f31-4063-acc0-498b0d4d1096.png","2019598","1672","941","367d0efbb122c670c1f76c70d60da0806e4b38d39c7796f6d0295ecd3930f071"
"Instagram","instagram-yoshimoto/source-original/f4b7db08-16a9-43f0-aaf3-caa0cb744151.png","1994797","1672","941","453465240e908ee4396e47ce79601fa250dc6726237014d12bdab3f7155fb1e5"
"Instagram","instagram-yoshimoto/source-original/生成画像1.png","1740590","1536","1024","9a10b8e32aa43f69f227d14c7310a330610f721d47fb5b5d761b99842198ccfb"
"Metaセミナー直行","meta-seminar-yoshimoto/source-original/META_SEMINAR_01-seminar-three-dates.png","1841481","1672","941","75bd99ce5682e406a59701709db90c099c0553445460ada3729eb8ed05faf505"
"Metaセミナー直行","meta-seminar-yoshimoto/source-original/META_SEMINAR_02-ai-solo-business.png","1911336","1672","941","3ddfb0ef4cf2fc9c323d21718141ae78103daf87e92a4c2e97a0d29602e105f5"
"Metaセミナー直行","meta-seminar-yoshimoto/source-original/META_SEMINAR_03-seminar-today.png","1931353","1672","941","8b7dfb7e9681b5007c2cd7c3c6cd7f203087aee7b182a4deddca1d4f9eadd03a"
"Metaセミナー直行","meta-seminar-yoshimoto/source-original/META_SEMINAR_04-seminar-second-session.png","1953274","1672","941","852eac9cca86afe05818611215178c5d3de88523be1327f7e353a0b28849ccdc"
"Metaセミナー直行","meta-seminar-yoshimoto/source-original/META_SEMINAR_05-seminar-final-day.png","1717045","1672","941","a0c173e826ff78126185e70b0e336cfbcf5c8f0cb078ede4435621937fe00e96"
"Metaセミナー直行","meta-seminar-yoshimoto/source-original/META_SEMINAR_06-roadmap-session.png","2077108","1672","941","40551618a6528a7819a4c0528c02407d0d344dae972e860b1ab2c251e9defa45"
"Metaセミナー直行","meta-seminar-yoshimoto/source-original/META_SEMINAR_07-direct-invite-deadline.png","1342461","1672","941","76bd47d99a6209bd555e7aa064146615398e6b63c3eebca377c309aa1fe86096"
"Metaセミナー直行","meta-seminar-yoshimoto/source-original/META_SEMINAR_08-vsl-two-days.png","2147327","1672","941","a7e220a2856e9c144de68de7cd4639299bc5de96d447cbaa89032367d179d32b"
"Metaセミナー直行","meta-seminar-yoshimoto/source-original/META_SEMINAR_09-vsl-final-day.png","1902586","1672","941","7a3c42ce21f17f145ed97705d4e2b027ae0f013263676a7dc98be0823a87c54f"
"Metaセミナー直行","meta-seminar-yoshimoto/source-original/META_SEMINAR_10-vsl-one-hour.png","2293781","1672","941","ce1842941549818598550b833a35043477407f0584fa89198123da17ab3dfa35"
"Metaセミナー直行","meta-seminar-yoshimoto/source-original/META_SEMINAR_11-vsl-complete-thanks.png","1465201","1672","941","b36a1c93f326b39698c29a45b0d1e33c83c6ba196d79472363ef5888a12735b5"
"Metaセミナー直行","meta-seminar-yoshimoto/source-original/META_SEMINAR_12-learning-to-action.png","1978645","1672","941","8a8f299f43c40b34968c36dcf3fb992a359d19f6ba40a14dae60c2a8b8bd9382"
"Metaセミナー直行","meta-seminar-yoshimoto/source-original/META_SEMINAR_13-video-closed-roadmap-open.png","1670660","1672","941","6d8484adfd4d984f79de30d6fe01db0e8b2f7e8f589cbe11ab465959ffac007c"
"Metaセミナー直行","meta-seminar-yoshimoto/source-original/META_SEMINAR_14-final-direct-invite.png","1896633","1672","941","6c7b85a1e69ed76143cbde8a957e9a8915b5c63e3f17c202d50721e58f2b60bd"
"Metaセミナー直行","meta-seminar-yoshimoto/source-original/META_SEMINAR_15-openchat-ai-mania.png","1921163","1672","941","bf626a8aa9460dcab11991b4ab36e7aa7651357711be7f4a2af870805abe535a"
"Metaセミナー直行","meta-seminar-yoshimoto/source-original/META_SEMINAR_16_金子さん_セミナー初期案内.png","1700866","1672","941","2af10aea4e85c14d9367f427154d59ad6c2ef031cd13ec6e0c59cac78facfde3"
"Metaセミナー直行","meta-seminar-yoshimoto/source-original/META_SEMINAR_17_金子さん_日程選択.png","1613728","1672","940","709ff5cd8a9835a972aaed174de18329c6279266d7c9ff6142ae7b9ec3b24fbc"
"Metaセミナー直行","meta-seminar-yoshimoto/source-original/META_SEMINAR_18_金子さん_本日ライブ.png","1561588","1672","941","faa375c67f20dfb4370983f0e1f2e8447168a0c99dd859e80ef98338b6c494d8"
"Metaセミナー直行","meta-seminar-yoshimoto/source-original/META_SEMINAR_19_金子さん_申込完了.png","1739297","1672","941","884d7d1284d9b1e73938aa1c1e567b54f8b0e005dbee36a0c0c74590dbef3207"
"Metaセミナー直行","meta-seminar-yoshimoto/source-original/META_SEMINAR_20_金子さん_ロードマップ作成会.png","1581824","1672","941","0fa7dc6f23290fbb721e52621ecb58a539eff6864ca171b0088718a7add7e1a3"
"Metaセミナー直行","meta-seminar-yoshimoto/source-original/META_SEMINAR_21_金子さん_VSL案内.png","1659950","1672","941","4dc9f739e82a36d03c0e07ed3f5eeb4590240357fe879a41ddba8e41b61af57a"
"Metaセミナー直行","meta-seminar-yoshimoto/source-original/META_SEMINAR_22_金子さん_オプチャ案内.png","1843239","1672","940","7550e65ea32f577f27d0d9bfae07700557fbbb07138a33eef19f675544d0ce7b"
