"ID","シナリオ","配信タイミング","推奨形式","画像","本文","CTA","停止・UTAGE設定"
"IG-LINE-01","IGハーネス：特典送付後の面談専用LINE誘導","特典送付後の追いDM","テキスト＋ボタン","","特典のお受け取りは無事できましたでしょうか？✨

メールでお届けしていますが、まれに迷惑メールフォルダに入ってしまうこともあるので、念のためご確認ください📩

また、特典や動画をご覧いただく中で、

「自分の場合はどう活用すればいいんだろう？🤔」
「AIで収益化する流れを、もう少し具体的に知りたい」
「何から始めればいいか整理したい」

という方に向けて、30分の無料個別レクチャーをご用意しています☺️✨

僕自身、法人向けのAIコンサルや企業研修を行いながら、個人でもAIを活用して収益化してきました。

その経験をもとに、AIを収益につなげる具体的な流れもお伝えできればと思います💡

面談をご希望の方だけで大丈夫ですので、こちらから「面談専用LINE」を追加してください👇😊

[面談専用LINE_Instagram流入リンク]","面談専用LINEを追加する","IGハーネス：既存の特典送付後シナリオの追いDMとして1回送信。ボタンURLはUTAGEで作成したInstagram専用LINE登録経路を設定する。IG側の条件は「特典送付済み・この追いDM未送信」。LINE登録の有無をIG側で推測しない。UTAGE登録経路側で src_instagram_[campaign] と consult_common_registered を付与し、共通面談ファネルへ合流する。"
"LINE-W01","UTAGE：面談専用LINE登録直後の予約案内","友だち追加直後","テキスト＋ボタン","","[name]さん、面談専用LINEへのご登録ありがとうございます！😊✨

この個別面談は、AIの知識を増やすだけではなく、今の仕事・経験・得意なことにどう掛け合わせるかを一緒に整理する時間です🌱

「自分にはどんなAI活用が合うんだろう？🤔」
「収益化までの流れを整理したい💡」
「まず何から始めればいい？」

といったことも、今の状況を伺いながら一緒に整理していきます。

ご希望の方は、こちらから空いている日程をご確認ください👇☺️

[UTAGE個別予約URL]

予約完了後、面談日時と当日の参加リンクをすぐにお送りします。","面談の日程を確認する","UTAGE：流入元ごとにLINE登録経路を作り、src_[media]_[campaign] と consult_common_registered を付与。登録直後に本メッセージを送信し consult_common_offered を付与、シナリオ「面談共通_未予約リマインド」を開始する。CTAは「イベント・予約 ＞ 個別相談・個別予約」の申込URL。計測リンクのクリック時に consult_common_page_clicked を付与する。予約済み・consult_common_completed は開始対象外。"
"LINE-NR-01","UTAGE：未予約者リマインド①","LINE登録24時間後","テキスト＋ボタン","","[name]さん、面談の日程はもう確認されましたか？👀

「まだ初心者の自分には早いかも…💦」
「相談内容がまとまっていない…」

という状態でも、まったく問題ありません。

AIに詳しくなくても、

・今の仕事や経験をどう活かせるか
・AIで何ができそうか
・収益化に向けて最初に何をするか

を一緒に整理していきます🌱

無理なご案内などはありませんので、必要であればお気軽にご活用ください👇

[UTAGE個別予約URL]","無料で相談してみる","シナリオ「面談共通_未予約リマインド」で登録24時間後に送信。必要条件=consult_common_offered、除外=consult_common_booked／consult_common_completed／sales_won／sales_stop。予約完了時はシナリオを即停止。送信後に consult_common_reminded_1 を付与する。"
"LINE-NR-02","UTAGE：未予約者リマインド②（最終）","LINE登録72時間後","テキスト＋ボタン","","【個別面談についてのご連絡】

[name]さん、面談枠について最後にご案内です😊

ありがたいことにご相談が増えており、すぐにご案内できる枠が限られてきてしまいました💦🙏

もし今、最初の一歩を踏み出したいと思っているのであれば、今の状況を伺いながら、次にやるべき一歩を一緒に整理できればと思います✨

必要な方だけ、こちらから日程をご確認ください👇☺️

[UTAGE個別予約URL]

お見送りされる場合、返信やお手続きは不要です。","空き枠を確認する","同シナリオで登録72時間後に送信。必要条件=consult_common_offered、除外=consult_common_booked／consult_common_completed／sales_won／sales_stop。予約完了時は即停止。送信後に consult_common_reminded_final を付与し、未予約催促はここで終了する。"
"MTG-R01","UTAGE：面談予約完了・日時／参加リンク送付","予約完了直後","テキスト＋ボタン","","[name]さん、個別面談のご予約ありがとうございます！😊✨

ご予約内容はこちらです👇

📅 日時：[面談日時]
💻 参加URL：[参加URL]

当日は、今の状況や気になっていることを伺いながら、AIの活用方法や収益化までの流れを一緒に整理していきます💡

事前準備は特に不要ですので、リラックスしてご参加ください🌱


お話しできるのを楽しみにしています！☺️","参加URLを保存する","UTAGE「イベント・予約 ＞ 個別相談・個別予約」の予約完了を起点に consult_common_booked を付与し consult_common_canceled を解除。「面談共通_未予約リマインド」を即停止し、イベント作成時に自動生成される予約者向けリマインドシナリオを開始する。[面談日時]・[参加URL]・[日程変更・キャンセルURL]はUTAGE画面で選べるイベント予約の置換文字に差し替える。ZoomまたはGoogle MeetとGoogleカレンダーを連携し、静的URLを使わない。"
"MTG-R02","UTAGE：面談予約者リマインド","面談1週間前","テキスト＋ボタン","","[name]さん、いよいよ来週です📅✨

日時：[面談日時]
参加URL：[参加URL]

もし余裕があれば、

・今の仕事や活動で困っていること
・AIでやってみたいこと
・収益化について気になっていること

を少しだけ考えておくと、より濃い時間になります📝

もちろん、まだまとまっていなくても大丈夫です！
当日一緒に整理していきましょう☺️🌱
","来週の参加URLを確認する","UTAGEの予約者向けリマインドシナリオで開催7日前に送信。必要条件=consult_common_booked、除外=consult_common_canceled／consult_common_completed。7日前を過ぎて予約された場合はこの通をスキップする。日時・参加URL・日程変更URLはイベント予約の置換文字を使用する。"
"MTG-R03","UTAGE：面談予約者リマインド","面談3日前","テキスト＋ボタン","","[name]さん、面談日まであと3日です🌱

📅 日時：[面談日時]
💻 参加URL：[参加URL]

相談したいことがまだまとまっていなくても大丈夫です。
気になっていることを箇条書きで少しだけメモしておくと、当日よりスムーズに整理できます📝✨","参加URLを確認する","同じ予約者向けリマインドシナリオで開催3日前に送信。必要条件=consult_common_booked、除外=consult_common_canceled／consult_common_completed。3日前を過ぎて予約された場合はこの通をスキップする。日程変更後はUTAGEの予約情報を基準に新日程で配信し、旧日程の配信を残さない。"
"MTG-R04","UTAGE：面談予約者リマインド","面談当日朝","テキスト＋ボタン","","[name]さん、本日はよろしくお願いいたします！🔔✨

📅 日時：[面談日時]
💻 参加URL：[参加URL]

開始時刻になりましたら、こちらのリンクからお入りください👇😊

[参加URL]

お話しできるのを楽しみにしています！🌱
","本日の参加URLを開く","同じ予約者向けリマインドシナリオで当日朝に送信。必要条件=consult_common_booked、除外=consult_common_canceled／consult_common_completed。当日朝の配信時刻後に予約された場合は、予約完了メッセージを優先して本メッセージは重複送信しない。"
"MTG-R05","UTAGE：面談予約者リマインド","面談1時間前","テキスト＋ボタン","","[name]さん、1時間前のリマインドになります⏳✨

📅 日時：[面談日時]

お飲み物などをご用意いただいて、リラックスしてご参加ください☺️

開始時刻になりましたら、こちらからお入りいただけます👇

[参加URL]
","参加URLを確認する","同じ予約者向けリマインドシナリオで開催1時間前に送信。必要条件=consult_common_booked、除外=consult_common_canceled／consult_common_completed。開始1時間以内に予約された場合は予約完了メッセージのみとし、重複送信しない。面談完了時は consult_common_completed、キャンセル時は consult_common_canceled を付与して以降の予約者リマインドを停止する。"
